,caderaIzq_x,caderaIzq_y,caderaIzq_z,caderaDer_x,caderaDer_y,caderaDer_z,rodillaIzq_x,rodillaIzq_y,rodillaIzq_z,rodillaDer_x,rodillaDer_y,rodillaDer_z,pieIzq_x,pieIzq_y,pieIzq_z,pieDer_x,pieDer_y,pieDer_z
0,-41.13419195056743,30.772348226824302,771.3865422410025,-149.5970172144404,18.616472288961745,786.524064325217,-47.64695205976099,19.589025121085783,463.0766856455163,-107.54964523147656,-0.5016522421616258,469.2429814360272,-40.88107692424593,45.33405027828775,112.21635869634676,-80.903375250073,25.951218912778188,122.60346042726084
1,-39.85445967568292,33.40482145136187,771.5254218174261,-151.24971597230902,22.61327087022815,786.3262119537112,-46.27153146609923,14.63067589082759,459.1175653496056,-107.2998103937992,-8.766523652356895,467.72541244069896,-40.569908891480495,47.16883563750335,111.2018618208059,-79.48334808171677,30.87356296044409,119.3526448746473
2,-40.5085740841872,33.22023622050759,771.2885437433996,-150.59036563933944,21.907731021145764,786.7899771921926,-45.464335786475374,15.048220198302973,458.3039450531266,-106.18998613104978,-9.755452264448508,468.0586275524638,-39.694662568543535,47.37144752224833,110.67854414187786,-79.87999089072585,30.56719493579186,119.1963867931366
3,-38.14040646210401,36.00029748627509,770.7793345654975,-148.88897197783882,19.642286758263538,787.2073037051389,-44.06134910405802,15.460405694611111,457.81219884744047,-105.95750272363944,-7.460291675655199,468.1472744514154,-39.63014158439657,48.97918854651678,109.5665818444725,-80.051189045166,30.356050103403675,119.12146869280764
4,-37.27838199168889,30.226849476769644,771.2701513269587,-148.4443284498226,19.419008950756396,787.1292753710521,-43.46042873994395,13.07584080969052,458.5397475574306,-105.07945939687237,-9.170677605286611,468.5090381320263,-39.087121267393925,49.440741470953526,110.72269348052995,-79.98274706357904,30.928719344400747,118.16370943794996
5,-30.56886378100647,32.94808601604902,768.4345361261935,-144.6536179397705,16.973785506067145,784.6547829544303,-42.43453355272122,13.60658532964301,460.5327085368542,-106.34240836315206,-8.27931461955373,468.3394875490466,-40.55793129051821,47.678243679727416,112.51589426498929,-80.84473894920632,28.33700946377462,119.06079954598036
6,-26.03457805787241,42.09444135296812,764.6643003142611,-138.57758658645028,20.220906173407485,782.6480207659931,-38.443544334905525,15.773246514547084,448.8569732250715,-96.40390519889591,-9.892753651972654,450.8384164829846,-40.37621893570147,44.60459562856627,114.30317310479344,-79.82931109332151,26.4329942528785,118.27204673893117
7,-24.40913545453391,43.65342950934794,761.1693682427045,-135.37092410658025,21.453437091524226,781.7562409862048,-34.72988621246637,17.112561851042997,441.4939529995088,-91.61986120301984,-14.37094514990426,445.60922490039695,-40.98570646213933,46.76966471240604,113.7436425139374,-78.35919942848118,27.09335695145913,118.92109923174814
8,-20.94443289215448,44.45796454372018,761.2678397697758,-131.70601957649652,18.61252878284185,781.8609425781235,-31.707743247360668,14.042533799356889,431.3833085971891,-90.13470330704187,-27.084885188903257,442.6824689351547,-40.14601054450263,44.82636031834016,115.35572102722897,-78.16342745868678,26.623874409972032,118.72592877983824
9,-17.044525139324335,37.32605561515544,761.29300262384,-127.82585888245455,14.220107189352944,780.4578156938105,-28.56136406159673,10.303558904532396,432.563986881637,-90.66079349291078,-32.03241280092668,442.01992968388606,-40.13908339360957,45.0909550988181,114.382686870023,-78.62735944255908,25.86336759124269,118.18113681556628
10,-10.813782775128344,35.773953300549124,760.1093821262938,-123.95390827869946,12.38866736841274,779.5390840699386,-27.87832618724528,6.483367402325087,431.7628226606084,-88.90527880841961,-38.84519692522021,444.4362658110706,-39.34939623658141,43.75786537969671,114.19241284476789,-77.99316259615823,26.75137266341505,118.97557789051288
11,-9.126135207454467,34.77482527021226,757.8467326686548,-121.55198039633756,11.617214600343743,778.6785486145404,-25.266283891732822,6.307047956054873,426.047315108086,-85.44521440449067,-52.129408214332685,443.837038956508,-39.26311214865965,43.02353157144802,114.18792566860668,-77.16266849451371,24.80080566972103,119.6968261594831
12,-5.6550229277355015,31.2846067739427,756.2971515259286,-114.365164576032,7.900123221136909,776.8326913733674,-24.648922767789927,0.7393965083501257,434.4783276768488,-86.5921381419335,-56.14912275234354,449.0043055346957,-39.12506811364224,44.21182398532059,112.13809191668204,-77.03203806920662,28.41162141720369,119.04706758850143
13,-4.210036426296341,25.78084337701543,755.7922098386481,-113.71309990660131,6.726655068199847,777.0834261421555,-23.652363059195835,1.0776979540153349,432.4902774665484,-82.9519668313321,-64.07597295347178,447.6323323346455,-38.28351831380381,42.867024423334655,113.63072928671454,-76.7165083908492,29.12823463425204,120.36789147492752
14,-0.4924024018954895,24.77778834585834,754.8929909823328,-110.1511693508211,9.084880070104504,777.141297924748,-22.991163904441933,0.8730262668595401,430.2893070042313,-80.21632620924402,-71.53668237839244,448.3500587114296,-38.20690385512958,43.54377438581477,112.5363898082568,-76.67145130829971,29.23638382128746,121.72352088292484
15,2.083546595238317,21.680981355589097,754.4130391075754,-107.05855197876592,12.959970221493222,775.1840156752544,-21.90004201596267,1.324547545156307,429.2417220775623,-78.13663174509794,-75.72822836750031,447.8716013272639,-38.2686384163304,43.38413536873867,112.483227217551,-76.69657136063891,28.953043276309145,124.02142487061587
16,0.8644626497168701,18.921326645266817,755.4255332199564,-104.68874214123564,12.508690588992948,773.2152814217488,-19.37809994706585,2.368779518241425,426.5809189807266,-77.08466349466887,-76.48785867653798,447.8866163938406,-38.19999997058743,43.14004656032603,112.96335446240516,-76.41127062634861,29.268115765914672,124.49191977513304
17,2.1643769121421315,18.324422944974746,755.6447930380907,-105.6264495064846,18.38098741649995,771.3211446854006,-19.673274678075444,-2.339788910195708,430.2441717686052,-72.82346726142586,-80.86318625125658,449.5705331615148,-38.21360810978111,44.84713990045199,112.3715747267626,-77.64113689117923,29.786451202299844,124.94656558715144
18,2.6072063972362542,14.451134854342172,755.3592343765363,-103.64536061503202,22.972112810723928,770.0785475086979,-18.137197164231026,-0.5176673144799224,429.69318114659234,-73.15427591889919,-79.67740505958537,450.7691362839775,-38.83516582292195,46.0426594470932,112.05986106376557,-79.12087458600583,30.03544645239116,125.85996428949905
19,3.457810601435071,14.533897130039064,754.9333108016259,-101.97024356674837,19.82451516802294,770.5854192589021,-17.106539245716874,-1.288516366985391,430.601543921544,-74.57451013823102,-76.62512429792842,450.6402890483232,-39.99140975519301,47.92637917612173,111.31308395114915,-82.37950326929308,32.80991607769171,126.20035162357937
20,3.3688326326098945,22.42326872884428,754.6536351273331,-102.46847214381162,20.256962256123245,770.9997736023922,-16.74959858170476,-2.550215189963524,431.7077391721224,-74.01518032142116,-75.73963871806124,447.796844349846,-40.00896698343709,48.54796387855673,110.4541823471144,-87.24168345948914,29.659748389407756,131.1370059801139
21,3.840131348098225,25.303802073351108,754.846761984777,-110.05597780975503,10.109891146268469,780.0960483771847,-15.85649811469051,-2.3431143012640234,428.7294762217744,-74.63797921606972,-76.48169186478057,445.3054519350979,-39.12705213123006,48.91739987146835,112.5017339878046,-90.72002772674624,26.562297188821844,131.35195099666169
22,5.492540141458775,34.03806220772174,753.048007012818,-113.81963796564077,17.791369991744688,776.7715461735162,-16.66486815975003,-2.025167039048611,427.1565830551549,-74.99457620000935,-77.65941628175173,444.0342633540285,-40.22794713139244,51.209398619107645,112.32601299935833,-101.40730755465852,22.260409170868314,135.84660249493962
23,3.971442177013927,35.12561334852421,752.8516266461971,-115.55642187024458,20.25381892414336,776.7981883263272,-16.618614004731796,-3.4279323029336126,425.6886460116824,-75.79142350281576,-78.73376166577403,443.2670037940501,-40.95269163883002,55.27848021779559,110.16989746960576,-114.03760268119832,18.546356920762943,141.84941244013518
24,2.635903375443803,31.064590231568676,752.1663997010954,-118.01008918194488,14.082649748121751,777.4780986250986,-17.283881605813377,-5.775842477641632,423.7742327436388,-74.4808414583218,-85.22201935741242,440.5233547395659,-40.230869966251134,56.30025015209759,108.52971764185676,-124.81178122727226,17.66918914836326,146.78255470875183
25,-1.806727489095877,32.47993537599163,753.4910866010262,-119.57486299313226,18.3440283752272,775.9207670955716,-16.01930562255255,-5.400032739315023,421.7336869968034,-76.26520917483114,-86.16963594573397,437.6969820113613,-39.51640806891503,53.536254777540165,106.30908576510612,-140.3866392571278,18.484672605871864,155.0132076463072
26,-3.207452089695593,33.234899726092834,751.5464365972493,-122.0018145060428,10.841227421571205,774.2980371074657,-14.667480395710784,-5.073478347453687,421.22521633110046,-77.53278691939356,-85.1438029232684,436.6383710794795,-38.002919172956,51.35297933004324,107.09071857662846,-158.64659622974148,25.07183876170936,163.524823080374
27,-5.052350126808193,34.12066713821025,750.8813033618834,-124.03389869715345,9.298249054623652,773.2979036729223,-14.082383180010735,-7.107141234665519,421.40543853884265,-76.76812107593881,-86.8140028868819,434.9072763369868,-38.06704612247631,50.05401939300312,108.34770915386464,-169.4320685331602,26.29784188113648,172.17091538719063
28,-7.956590300210138,29.16701426940276,748.6382589385815,-127.03723061248374,7.717039572643301,770.4535075677053,-13.189171696029234,-9.53499783668373,420.1938290313153,-78.15365480622728,-88.49137750966725,431.2648470930468,-37.89594943857827,49.55629282749092,109.96705778509434,-181.43476797889437,31.149846385962466,170.9676013870352
29,-10.484239495776292,34.39215858388215,743.3069385860197,-130.2783568729324,11.02705067431296,764.5118744548229,-10.322346136658638,-11.843738692946715,415.0535529596157,-79.6986672296733,-89.52449599937715,423.3659582232525,-38.79301407211655,51.09996399690832,110.16157539521768,-184.65150268581075,30.762618137783505,164.9431758189855
30,-15.163816830913106,36.23907920176012,737.6014477204747,-134.26704131220274,11.908307782228718,756.7078799675513,-5.803415323602707,-26.46795232453995,415.1935321675799,-78.10812488243344,-90.04520601523677,418.546697939405,-39.12338659338482,50.487017278038095,110.33702225154268,-186.62104164314331,33.34131483141583,153.01070817995964
31,-17.88480231405157,33.43182911202297,730.2707643575193,-140.16219775651544,10.887131726644952,748.2391570266799,-0.9408830457972784,-33.97979758720494,410.4007203740839,-75.9725003534453,-89.53847722376602,411.4295651047487,-39.20680049871157,48.66014356254081,109.26774484064764,-183.89706086878303,36.76011758856755,147.10067299854887
32,-19.60701753867748,34.68981444568419,723.7551050697122,-142.1671002627237,13.742053796124594,740.417461355628,1.1653486822406762,-41.37686950898484,405.4842640011036,-78.3500079251794,-89.95800475777783,408.3248543539184,-39.94235310765542,49.55302421955676,108.45323150476818,-183.27458848549392,38.94823536540673,140.85045979237512
33,-18.314846048839456,36.88688760855701,716.9723846496472,-141.7958087262519,15.5346341645824,734.7158174304707,2.879182607816176,-46.18826934613274,401.48777542504416,-75.90408292401017,-94.1439486107252,405.7212689515448,-41.125096841290045,49.60100584673313,108.4626900798161,-181.62147657780287,38.63323328591562,137.97556510428112
34,-18.46200585093172,39.41865631778438,712.7751780264188,-141.600459805,15.4593966554082,730.9812257411104,4.088693293895844,-50.26272118617421,399.6242150422984,-78.79916493455096,-87.22866314402441,401.1521048635242,-41.48904259962235,49.54945319533583,108.00007566663707,-177.5369255937149,42.93781707302759,133.02445693814136
35,-16.155431425738698,39.79570797290032,709.9709440882247,-138.78021189032367,22.104330333700236,728.4712783723827,4.435597514126968,-52.069507519551465,400.60779735141057,-83.26307506125713,-79.9621329135741,397.83347210118745,-41.51048424256814,49.05614527811397,108.7955468217319,-171.57755762510666,42.08037376680728,127.26120275855776
36,-11.252847725184168,32.95056211857647,710.0922432088944,-134.58144771278492,17.664891011141293,730.3216756596768,4.829960726563954,-57.58616049625424,403.295097560005,-86.89610052537762,-74.197092037712,397.4244946443486,-41.36515694194786,49.20066355461776,107.27383473677492,-168.1622410921064,39.17606300514177,122.730644308741
37,-5.825854498079124,28.430179638837416,711.2203357944527,-125.81247054595448,15.02648321794527,734.2454533534143,1.3394871617643247,-62.61545312146511,404.69336974674064,-89.03326457075383,-75.13016853493446,398.6407853810072,-41.47919080675554,52.790713440298845,108.46601686118262,-161.01047080689835,32.491157684902674,117.8583539525156
38,-0.4491773366140421,34.47162149565264,712.9141497989131,-121.50007229415252,27.86118932988782,741.2612604489656,-9.539907961127454,-72.09830634053885,409.0342624812841,-106.02120528327362,-65.95662063837597,405.44004064869694,-34.295063519593086,61.37581158979516,107.12311308108684,-153.7859622770477,23.16930148583775,118.2128666258007
39,4.812629005752555,42.95318880948193,720.7937371654297,-111.9032729716058,46.04102815584318,754.0194315515071,-28.270699390811657,-75.7094753383449,409.774157200158,-127.26560454501303,-46.01844617248355,429.6295720174251,-18.05426614279281,72.70541891292004,105.87775776393796,-159.5402859010553,9.559205077573624,131.18351182310454
40,7.056728643983746,30.839874930364346,732.2003551482474,-102.7585946512922,59.27757556534021,762.5856989832745,-43.21055449611316,-57.1296011494226,429.5415554930365,-143.64128768819825,-1.460063788503703,451.38703591845416,14.251663310741364,66.37105795243613,90.41293949429743,-181.16487611881536,-6.607758679162679,135.64491516850356
41,10.613076572048882,11.991677732690704,741.5335417102895,-85.9872086754037,65.7393527927403,770.0842072992543,-46.10499540608325,-33.36884974485261,448.75410619997103,-138.01391188495032,39.53609623843222,471.8594070433676,38.13131650571131,53.16496746212147,94.31396639870344,-194.38746609650445,2.963413547327576,175.98869448683453
42,9.23058877690312,0.220075551467346,751.2015286067648,-42.21712804332219,140.84418955805117,795.0980011328194,-43.65038065321032,-16.194781294647512,448.50916976474485,-121.2311498445057,74.39364724410527,479.3974689975504,52.005963829695474,15.848605534081996,89.00364791274151,-197.20959304719344,58.18593737732815,196.68805679683945
43,-1.0739298597351024,-16.22000390831559,762.4615371528885,-12.344996030664037,169.44266864981742,793.895137863716,-34.0444488456191,10.014077614171953,453.5977728567034,-92.67602703339364,110.36943914816612,469.33598679562095,52.77049010544181,-33.53830650608568,90.26205054167488,-172.30588589669986,129.6481116949542,191.52334251437796
44,-8.210636864779588,-48.6549880442646,773.6208949732236,-70.17586076119801,-18.37516772661607,779.558665898265,-15.508234376846984,25.66001740071647,435.3336327359256,-64.52170726518159,117.53192890984826,432.2533814238621,47.028390516400464,-69.69105462157417,88.22435125294992,-119.44794255461704,186.951825266996,180.59274218714927
45,-29.31470978787418,-75.39971792352733,780.7691466464989,35.85075438342753,36.1348839115212,792.7023638253228,-13.908345134186334,76.78197032407525,451.8669267131958,-6.523911003229429,-29.14947663128531,446.2668110093658,35.27158342169096,-88.6546113900148,90.91056823279114,-66.58999921253422,244.2555388390378,169.6621418599206
46,-55.342324057949895,-61.07330156645898,788.7203433155961,48.27261359667915,-29.959237318578232,787.3201080308227,-23.478235554296788,-18.260455849723755,453.8228710611912,31.437472114645857,47.6441243489533,461.3494439871874,15.927835924865876,-96.24383696845643,94.50625903582548,0.2894912872973805,254.01111501543411,150.1065870182974
47,-74.95486519987338,-47.66076060477124,797.7008595792083,34.697238384214984,-47.27828350909601,785.5371974124122,-3.15967630154114,-50.90413080394592,458.8684347507256,31.07028525960905,56.37034169307117,432.8956048972281,2.141439251892365,-94.80385892771552,96.11220700478752,60.289401543382326,225.48515087711064,137.79507072458995
48,-83.98037575364273,-20.89215089884604,800.4775194416288,15.638397914360269,-67.56410157982668,783.2363186766111,0.9931517463723908,-49.6696718814416,462.8580650771941,28.17546549128113,77.88266844778548,427.2068915566086,-11.894757771205777,-86.40513511206827,105.0026891395645,123.41107079338887,160.29876511163496,136.19990977824528
49,-90.87252353705036,-3.0662767986520407,804.1074956701561,1.3229597679347904,-67.43966268632772,780.1734546577801,-16.704809533973247,-5.916525442088272,460.54691293581857,66.29342904154342,18.87383701331672,451.741065507314,-29.80685486624432,-68.15954788435045,99.55683422762364,163.0721717999736,92.926113737552,131.8683141876776
50,-87.30393543391187,70.07440795063104,803.2642212903172,-38.68306195396951,-59.27578609848618,788.9052793993912,-25.02148033117216,30.740735970313736,460.0338655704878,69.02957631691396,0.0448283472934889,453.0389617273448,-45.548906815447125,-45.80766218150976,101.83984264467414,188.440281955832,16.63448401773104,132.6193611180178
51,-86.18042565226042,107.52183544453533,803.4492575847654,-53.24790481320417,-58.73543045774525,791.7013277853146,-27.109696493412105,31.077754899859187,458.023296993434,71.84196002438023,-27.38083601874932,451.4937936158862,-54.05292289613806,-21.109960356114343,106.41444278813944,197.3297563325118,-56.0623026155375,136.74029331620818
52,-72.92299022437734,132.23199875185463,802.1008215785478,-60.31688771245621,-31.14800065414337,789.1635458739879,-23.161530974147663,28.015173576491733,458.2909550791101,74.13366434625078,-65.34769675979766,458.2845751488951,-51.44325089739738,12.713169509771888,109.8395737519775,193.27358128982317,-119.85946752765838,139.56697057041023
53,-22.559954774853463,82.68341238556667,788.8354521189115,-69.58305579431257,-4.980962838408772,789.4287019406128,-12.025906301769568,31.87447571822409,454.31894692671904,69.50880336850048,-79.96080634424071,457.0492557856808,-43.93459438766395,33.89451868724029,113.51429274192024,181.312035597143,-172.68728508415722,139.88008202402744
54,-12.53374624009109,94.32697246703287,784.4859567523357,-75.76374296974544,14.756615313110244,788.708557931913,5.32604036344641,36.98253467190035,421.1981334169281,61.67899208543017,-91.44438970080246,435.4688839760945,-23.690595792677826,75.8526379610716,98.08702990988706,154.46006351726055,-211.22165010627367,135.55637187197786
55,-2.312572080156258,85.00936782962788,783.5255200885957,-81.86915168700381,13.905465946000136,788.7374416648131,9.861361214750673,25.068353838485763,436.4348275688472,36.859668825961705,-105.39286815593128,453.4868378371548,-19.798598283448328,67.5072315478416,109.70172986809246,123.05587416579834,-229.9470852652333,128.94332619878026
56,22.849287632537568,42.98591161865372,776.0398175347123,-81.00200168146495,17.541167260667436,788.6224668592672,2.8928403558858804,24.757441291984776,435.3014426906352,20.110456558040795,-109.05822640067916,458.2581492780536,-13.280050105443609,69.19819479475433,111.37993438464122,84.13755513906935,-241.31818610715663,133.73632105467198
57,40.31299390833362,24.04076631058953,773.5484681106998,-75.91286721564776,21.87436919011165,788.6829586390542,-0.9861035562424404,30.42423795119778,423.7185543386529,4.889382154271516,-114.94990109288722,456.225508031696,-3.6504302079385695,79.42083810639747,104.16213646251506,46.15105829341263,-245.88239328141717,137.79656790965467
58,50.650878209653,30.036081039232958,770.3102795415838,-73.1088537057866,36.36274236618058,786.7877377905728,16.985247491988375,20.172901507209502,433.8431406090836,-6.410744983923564,-110.35205197570671,455.8594285367499,9.142022690255004,80.83481627920168,103.82404626413472,13.278129505749789,-246.567676978876,142.3593371081178
59,53.42792279876375,27.05660055461871,767.6750650576058,-69.16783305019715,41.320760187035575,783.918371213454,20.48743910544019,9.537385718794283,442.8975813261055,-20.20662208842656,-102.51295255292288,448.0104301008368,14.682120526838446,86.5487149947339,100.76986503030125,-9.352298074262537,-238.63978209122251,141.0531958014809
60,56.26981720745852,25.84688033450521,763.3295727491804,-63.57460883276431,52.39595496445193,779.8911129979641,20.466223448187208,2.478918501374295,448.4660097074663,-28.71776096899427,-92.85550637162292,439.9903403159868,16.13106379256675,84.47741796235482,104.12431685255038,-25.38956511444596,-228.2695719736774,140.13432397772166
61,62.39530981873139,32.74985109978786,761.6710486884311,-62.0961412450105,55.51634525420821,777.2992039146802,21.354572711128185,4.015106480316831,443.7425073501584,-30.543976100124013,-90.1818745541586,436.9540783039459,15.557746646369909,87.91837766252561,103.6081306523506,-30.794346383430693,-223.03400753582557,137.0975424602587
62,67.20598661954003,29.822203401363826,761.0676496981454,-58.80536579686978,57.966272085991335,776.6940493566032,24.0565403102116,2.222775185653589,447.5508935559636,-28.0346807927654,-89.8546530368035,438.2794762322323,17.272387843955414,86.13122043822779,104.1202594536337,-28.883209859058013,-223.4060795325325,137.60670468523287
63,69.94842593887776,30.62393116204564,761.2808958996733,-56.0399727123729,57.32812492063292,775.8685636901646,25.412700795363463,2.038398006878708,442.8611072791392,-25.05939071116333,-89.85611394430536,436.46143150189897,17.88788830019911,89.11611044529363,103.05598776978592,-26.247049027738527,-225.74756434049905,138.83315601615325
64,71.59235504268213,31.885455084629317,760.2399535242188,-56.94683454011226,57.40029663836441,774.7521632422194,28.76813419289357,-1.0721511517358522,442.8863266905961,-21.46193890465329,-91.20842357342734,433.4496789543396,18.01749618687404,87.83139431744493,103.65845665330012,-23.183098158730417,-226.29943940944736,138.19154951799158
65,71.18169696338157,28.42514946041385,758.4615316259818,-55.83962553500064,53.49388632880388,771.358726392781,31.147584648599945,-1.591265491568464,445.540834780533,-20.969781995000844,-91.43518951245429,432.0421627764658,16.378295129818767,85.79567821228883,102.33234988811468,-21.38270920999992,-228.50993547326613,136.91699043062437
66,71.5104147751344,23.456934079040707,758.4653152529824,-54.96447822813596,51.67683562631456,772.5306796356779,33.149167108223935,-3.850551216234294,446.29777463980287,-20.115296262028732,-94.14772088501276,434.29121961836586,17.829391957912435,84.11416883674787,103.41228055267683,-19.896512418190696,-230.1935631004377,137.3946790729307
67,74.0346270337946,20.49384849369136,757.9936844724863,-56.0037332247114,51.12250371162091,770.8284870644694,32.057152774235334,-1.796704094992947,450.04064367031606,-21.519132261504765,-91.38950393394056,436.0900899370992,17.727298784125225,87.07970235203928,101.11663110302796,-19.444297562065827,-229.8998517155229,138.1369809483293
68,71.91563977044115,21.25809026722078,756.3426097737142,-54.00782600229925,51.557836216340746,769.6045645239842,34.720248111915794,-1.8467599920650173,443.9324308204269,-21.695459581900323,-93.91834964219244,433.2122815437743,17.043060391397944,84.22070913491453,103.34845781441165,-20.113598188332617,-230.5697881115596,138.38772809148716
69,72.52964182523004,20.766096064650867,754.893872369643,-53.45750403451714,49.29482002697858,767.5806704710337,34.91730278539495,-1.036203882831359,438.9142156789328,-21.512498393134397,-96.95995412166651,431.2827970499754,18.63149791933668,85.21356745838938,103.35765892990442,-19.420918459351668,-228.83065346330213,138.34983775343196
70,71.00748952569734,21.0191386098833,755.7967474035721,-54.13525244696643,43.92911119952598,767.9450436556737,35.70581129313629,0.9051234867011004,437.6843209634235,-21.33737981965554,-103.66167140030043,431.7276393521787,19.82820235169271,84.5997458660425,104.09086400119172,-18.56984898056244,-228.61335574303345,140.04088139732352
71,68.8464286680159,26.93468957628798,754.3402131525846,-56.34666569014365,40.71784665987474,766.6962323579324,37.28196100391148,-1.4165539382614725,437.1234510043664,-24.54720927224733,-100.07958573474906,434.16514058034,19.033881302597905,86.30099795168118,102.84732386630422,-17.216413728306236,-229.7728930216148,140.4006283486265
72,65.17680725152542,25.82956652545576,752.7314162750991,-56.77556801722301,39.145901371338425,764.5806323493036,36.65654535511189,-0.2532364210163393,439.39442930326464,-26.000493897025763,-99.48708548188176,433.9649613439135,18.036178189478903,81.27196016027551,106.33293406678814,-17.82842442766494,-230.2502981689212,139.50167068797126
73,60.41412554207835,16.164465240188548,747.6073256004819,-58.82834868379189,39.60265977208508,763.7338923369352,36.17367911041717,-1.2771834859306068,436.5978081725852,-26.376099903126544,-101.21921340105148,432.3450586568632,17.98474366721382,83.9394278640574,102.791638586201,-17.558292916405904,-229.06599508373807,138.77093677916963
74,63.612659129092265,22.130175767141964,744.7222773315605,-58.815345299424,39.10752337183396,761.4569084892057,34.03742016734523,-2.764334550037006,436.6281086695853,-25.21107007721325,-99.3588142510663,430.89302728191245,18.2048382244503,83.63556767681214,103.95523834642503,-15.549915780431633,-229.820872729564,137.94824368097653
75,65.2958982419124,17.506177014241388,744.3279621517628,-63.73981979117608,32.21952763353664,761.7891534335929,32.896895213117205,-3.7591993225368574,436.7441173093877,-23.58693142041298,-101.57640790146296,430.2812964747636,17.010375329104875,85.45636405431051,103.3724474894508,-14.094333968357034,-230.2622743801724,136.57739483556497
76,65.01329810382802,22.07132429264783,741.8824777862529,-64.51136086879998,38.16884399626417,760.3650871131044,32.376755559206515,-9.42622600219542,433.8863623338468,-23.01120253193525,-99.06583369034986,429.0112802600463,16.528962467667128,89.50422882488678,100.59243529792616,-11.727319323273662,-230.2279777057526,135.07813057963222
77,67.79098808482536,12.282713161089418,739.8224880171003,-60.24173728328577,32.91254266649224,758.6445860711292,30.80672320034753,-10.72136757618486,440.3217422432898,-20.30828238876749,-100.06906620033274,430.8769542266469,16.134210420032673,86.27081202511147,101.96954124123606,-10.445688019113987,-228.23521225409627,134.4276016616621
78,70.27071700442383,16.936886559779026,740.4223177927386,-58.20615646169662,30.382427766965836,757.2974400955903,28.72075420895098,-8.3282607006132,438.1372172734243,-19.60860128385687,-101.90046189022932,432.1812928143021,15.95366251584592,87.63180209642337,102.41937984101271,-9.696190737789353,-230.03995267622665,135.25693061414137
79,67.98176970342669,19.786297340487778,741.7600261811502,-59.28929346360337,34.989039943462075,759.8660178444741,30.802802982998852,-6.507254732387622,438.6954959121348,-21.45108249582624,-101.6085865328237,434.2899411323408,15.46358044711323,88.82744311110619,101.3348137547931,-11.847607564697682,-230.9423566059592,136.50282865260718
80,68.54356989872923,22.160101351893303,742.3967695630124,-60.98306197260459,39.35393792982888,760.5105971862558,31.60180176162632,-4.445995095696972,438.1604719935655,-23.577898473267357,-100.34580569479212,434.7817589112435,16.3568850856379,89.99591695038336,101.73289102522894,-14.532896492952318,-230.0220389180701,137.76785334664925
81,71.65322548882591,28.410137726697883,740.9956331467347,-59.41045236861822,36.40011975268399,761.840739276613,29.969447266202536,-4.856615098075338,435.1632568325002,-23.466833004578945,-100.8084597847002,435.42067920389167,16.551395579676125,89.46328611503873,102.22629399286988,-16.594429677467843,-229.5371344293259,138.87691820890825
82,65.81765698373735,19.095773332941235,739.3889542655398,-58.04189131795738,36.88801079162431,759.6608756652689,27.40038770949417,-4.028700308036463,435.7322451582025,-24.100891699426622,-100.35488592007056,433.7123463481963,15.060263593099537,89.09026175905427,101.71571995543904,-14.866390104080011,-227.75741403562776,136.73252356113323
83,65.24062907232792,25.328992187925223,739.0305330736885,-56.11914224459221,33.39537986827068,757.3951848488757,26.48293288019533,-2.8130690265220863,432.9098447414901,-18.902781126340784,-106.29518838329186,434.76060003692766,15.335567645272562,87.46371276533384,101.52986276461084,-13.957139694518418,-228.7959385021456,136.38693613673814
84,68.49052543925399,21.05078536547552,740.0707848252831,-58.03478751766494,42.247662868113366,757.9940655060316,28.906308426981298,-2.279254227509597,438.0065920279061,-19.847074837763643,-101.79965310381772,433.4552745991049,16.2790908390718,88.8463083408923,100.46400797965435,-14.887227747261846,-228.6101256294,137.06387988047652
85,68.93801921536149,26.319444836954887,741.1798322055803,-61.07854020749724,49.54682138609047,759.8938118406035,30.82558277903931,-3.398483894418817,438.0186453513416,-20.74994985758083,-101.12902877545751,432.96385114075247,16.077759680016413,87.70121947333789,101.23249536274484,-17.24849354171002,-228.58156065123748,139.01574287830925
86,71.11740747522751,26.42819329743236,742.8942822973266,-57.57885660946127,38.87931324918699,762.089344478833,29.82443598998969,1.5403746676494876,436.45264696557473,-22.86036591546319,-99.30579574715584,434.4117239514261,17.865765693459892,87.0091752678538,103.53382823660448,-18.272200592975334,-226.7575418447749,137.3637215872382
87,60.51782437365594,21.146632564935544,743.6513019000839,-48.45273981617224,17.04805297626288,763.09384244929,32.50032701026987,3.1261173882097357,433.2274859508983,-23.95163847578841,-102.70895560744508,431.8543873446184,17.904917426120562,88.484133419393,104.36611890909474,-18.379522805004967,-227.82261258065904,139.36785007327123
88,65.61112463913989,25.621181153415197,743.282860863141,-68.15528326056841,49.96895722589858,765.3503315197383,34.164974932975554,1.5147060882442105,435.0896410520377,-24.41625017427438,-102.32425509363851,431.8564611336772,18.17930814160124,84.71883559931186,105.05085739820674,-18.510739324380356,-227.85889599686016,139.08805641149794
89,71.6179991903139,40.413677717345934,745.7980374242153,-65.69524667745176,47.41435903317032,766.3272134713662,35.10000389556092,-0.9614460551110682,433.8461871690541,-23.6106494945749,-101.60298760845475,432.3634774944601,18.858101184541766,86.01219434336929,104.75287085069478,-17.392300394140307,-227.15896881891257,137.59058287302005
90,69.48306623783222,33.44097730627561,750.3172146469809,-65.92724585841543,38.17323606043041,767.9742666950754,34.25493946085169,0.5707481210888403,433.7142515101782,-23.64714138527802,-102.02657195171636,430.7460462237973,17.95940732540673,86.63841003977763,103.9534943536804,-16.524182780135277,-227.2717528333577,138.287303557149
91,71.63363782929318,20.030886326415214,749.8690393485878,-65.62759488688783,36.01061718843209,768.0415504811431,35.18948251989147,-0.09126212921079,436.5848174031268,-22.49187067511245,-103.92265074418412,432.72668936351016,18.23503270668576,86.32688483372539,104.5698258586858,-16.429336365072842,-227.3762325821816,138.32694679782531
92,69.8242738270917,20.166722064929218,746.1692330690074,-68.21176832102711,42.39334218131162,767.7103052597512,35.02417000553541,-1.5895804353646383,435.9375203444674,-22.05975831193064,-106.63469261510522,434.97426410731055,18.270432843701656,85.27767101719951,105.2232412743696,-16.16633418655485,-227.0973845880133,138.4311925846566
93,70.77877390705024,25.11542107208365,739.5261279738869,-63.81359200236682,47.23508622451678,764.1292503861382,33.65588465576647,-2.15274260221716,436.0154003169558,-21.508045180150265,-108.76731678226172,438.84956293357897,18.086685185670746,86.52103803692629,104.62303339219716,-15.927721003767829,-228.8595628980853,138.77524687686162
94,72.00008709023285,28.95839173647724,735.0593676262511,-43.61060012448358,8.761103749658787,763.5104267992258,28.42746253156889,-3.0656993981614,435.27011081822457,-20.884601418902747,-109.99561478376778,441.542762521498,18.34086898962063,85.94195572351305,104.87658622344294,-15.060539829950956,-227.5254668901865,137.06824312876148
95,57.7206114436689,12.556962849895882,742.7435142968717,-50.58900045785494,15.45791519730642,764.4815512280837,25.49344290709547,9.605484699106754,427.4148862382877,-19.696582308702872,-116.43576815188624,443.1262785090968,17.930005641781406,85.57173292633712,104.89665811755025,-15.101431905182608,-227.1620045533344,136.40111950629418
96,59.17337198361491,13.426801262403217,742.1362527455981,-49.11817633539066,12.636302648219385,762.1101756216053,26.047600034310108,12.243894932257533,428.2496428018807,-18.91972431487781,-115.97198594972762,437.82510933369696,17.8855181887879,87.25169201516005,104.5883228615792,-14.624742909434277,-226.8195720995916,135.92898448473295
97,66.05031503436311,29.02743586781378,740.6331705004812,-55.767418935032566,28.838707243660732,762.4139084519137,33.80639017897602,-2.838883562264755,434.2571673941416,-22.12629164936989,-110.71555528460335,431.9497478092581,17.260080627838477,88.00750467088471,104.4361188608081,-14.86502287519518,-228.3023786664158,138.30839103735144
98,66.04912193438247,25.1401610703696,741.560579627342,-55.222567618250096,28.815640413963703,762.9039610782294,32.245061756343574,-0.8324481349395256,434.13712685410064,-24.561401866168964,-106.71352492628618,435.4957219303234,16.47110573734267,88.84289296787065,103.07595271189588,-16.14018266430628,-227.76970140067144,138.48929060934188
99,65.45679571664971,29.586072365582027,741.5166374455504,-57.65029240469286,29.631665829599854,763.3039318443451,30.96343421634529,1.516890876844457,435.4936268016843,-24.584534090523192,-105.05625294722849,436.44033109585394,16.809690293699447,89.52379572253886,102.52954205941896,-16.96810306487724,-228.21087515871065,138.83115661288696
100,62.93488641175984,34.010350431552155,740.5221812654645,-56.70643970813029,25.16479708812821,762.2718369727554,29.627888585338496,0.9594565791035592,434.032029106712,-25.763229088661102,-103.13096864008284,433.9126135361304,16.48387409279954,89.0957591814651,102.82052945968958,-16.590410096740044,-226.90151883653817,137.92324937163977
101,61.64564179273859,31.533021984488784,739.8759490225056,-57.30833715974788,27.18268219891925,760.5983558165005,30.26916233841243,1.2719805211877286,432.0536601055788,-23.915980727549595,-104.99684697805048,436.6154559995397,17.210038300562417,89.0634432574721,103.91007484370682,-17.040459861222686,-226.67204143172185,137.06875008233106
102,63.71985383138582,31.08588666996673,740.773474666345,-58.83164174026797,31.25712857566376,761.52035051724,30.306577892917858,1.3872039506072724,432.45577615225983,-24.15139008953784,-104.08980749493,435.95729213880566,17.114137366173793,89.43432176048594,104.30919779369806,-16.96564218173563,-227.40046509178225,137.1497755411918
103,65.02220121282232,31.21175877408922,740.1293716107782,-57.22534607621728,32.54995419880936,760.3526483396655,30.489966829302062,1.7820708064724045,435.4906998916345,-22.381864725307167,-103.79544225403544,436.6983957405955,16.396025908368614,89.94832516421943,102.76926717331084,-18.49815296673061,-225.985777523846,137.51618325904514
104,64.47871311329521,32.485427790507174,742.1628528409561,-59.34256251541993,35.47152155599315,761.5289622763047,30.32714716459546,2.680626680756859,434.0347961804236,-23.290395767146972,-103.720009377172,434.4775632219378,16.587126506649398,88.79485429093464,103.5958290963407,-18.368700711455062,-224.90464375202788,137.09777268397573
105,65.59309519019408,32.54493568790551,742.7910225801669,-58.656963976285454,38.61898825425951,762.0394535189506,28.197196425097445,7.511374614906757,436.1155736550494,-21.83644114496701,-106.53691458166983,437.576904752777,16.534914110495606,88.75690379839887,104.32679925512076,-19.35210712973712,-225.09337176341592,137.13121885757818
106,63.29551131976828,30.259966988083136,742.6287218231588,-57.06993414012737,37.74020881646595,762.5420069023297,26.41495869282491,9.191153962077408,433.2043191162389,-21.636410524516165,-108.8703864328015,438.1389450672679,16.874053929841082,88.94885537658524,103.10214266173658,-19.54701869690521,-225.8580901218222,137.09821457845547
107,55.871729539800896,18.57900470055964,744.4213395616547,-56.98908302357293,29.792603268323973,764.9730502778777,24.604349749986568,17.108334753216226,433.5134511087679,-21.471020946925947,-111.08783015026732,446.32316080943394,16.900969854862325,89.09829786619,104.43970830050236,-19.63193823192674,-225.0082835401248,135.96932042407073
108,61.00367872298827,22.69418166861053,741.7784514492388,-50.32730955543107,25.42844591273345,763.1964543092225,25.74378723081179,8.304286987221701,432.6510552138852,-23.680977083160784,-110.13897057588846,444.41828560117176,17.54176295249158,89.7518440104175,103.57162578696364,-17.350754353255923,-225.4964298044393,136.29355273998144
109,70.99835747626952,44.95577878805869,733.6099025422145,-47.58226975327125,29.402858258812472,761.7244778603566,26.480056052000947,4.256915861579955,435.76900169764576,-24.26631454159758,-107.69517838437665,444.0582333852371,17.945620651879807,88.44199197678805,105.91795513578982,-17.143079179085305,-225.03809741691305,134.66752577136407
110,69.98237094867679,40.57459144795922,737.8796607442688,-48.586912987998176,35.09478148627315,760.5163676507239,30.470094467079548,6.980841054813979,427.6282615483018,-25.483606025610925,-107.3824065886848,440.6386203091498,17.9193144871158,87.26365816068949,105.2684426086292,-17.064949377671354,-224.96867747904852,135.11867975063507
111,69.971429670742,38.81775914227197,737.7950739414973,-51.20470847070277,37.38993779488436,760.0832014670519,30.4852294526319,6.988970387729935,426.034756542444,-25.534701410439222,-104.48321751600496,440.0966573959734,18.43839829588812,87.12370575711867,105.46281111159348,-17.504824122344473,-223.87723219728875,134.99997163855366
